はてなサマーインターンに参加して、エンジニアへの道が始まった, $blog/2015/09/11/101815, $blog/2015/09/11/101815, #hatebu, #インターン
Apricot 2.0 の紹介, $blog/2015/09/18/180925, $blog/2015/09/18/180925, #hatebu
HTSPはどうですか, $blog/2015/09/04/181344, $blog/2015/09/04/181344, #hatebu
polymer-elementタグをReactのJSXで書こう, $blog/2015/10/07/011404, $blog/2015/10/07/011404, #hatebu, +polyjsx
ウェブページをスクリーンショットで共有しよう, $blog/2015/10/13/093000, $blog/2015/10/13/093000, #hatebu, +koto

MiilClient, $play=app.daiz.miilclient, $cate/miilClient, #miil, #Androidアプリ, @Java, !icons/android-miilClient.png
Koto, $play=app.me.daiz.koto, $blog/2015/10/13/093000, #Androidアプリ, #試作, @Java, !icons/android-koto.png

miilClient, $cws/miilclient/kochkbiapblbmondhfeffokbcjhgmpan, $cate/miilClient, #miil, #Chromeアプリ, #WebComponent, @JavaScript, !icons/miilclient.png
スクラップブック, $cws/スクラップブック/cmdlmijeafbbbbfmnhkmjmijmeejnnmo, $cate/scrap-book, #Chrome拡張, @JavaScript, !icons/scrapbook.png
Sleepless Night, $cws/sleeplessnight/dijpiloigeljaojkbhpicgiofanpandc, $cate/kusonemi, #Chrome拡張, @JavaScript, !icons/sleepless.jpg
scrollable mstr, $gh/daiz713/scrollable-mstr, $blog/2014/04/04/104427, #Chrome拡張, #試作, !icons/mstr.png
ごちそうカード, $cws/ごちそうカード/kikhdipiobbjgdlcpdgbhhfljpoblcjg, $blog/2014/04/04/105600, #Chrome拡張, @JavaScript, !icons/gochiso.png
Draftnote, $cws/draftnote/fhbkghmbnepdilomilfdechljkjljebg, $cate/draftnote, #Chromeアプリ, @JavaScript, !icons/draftnote.png

Refactor for CSP, $gh/daiz713/RefactorForCSP, $blog/2015/03/11/230357, @Python
Apricot2, $gh/daiz713/Apricot2, $cate/apricot, #UI, #試作, @JavaScript, @Python
griddle-cards, $gh/griddles-ui-card, $cate/griddles, @JavaScript, #WebComponent, #UI
polyjsx, $gh/daiz713/polyjsx, $blog/2015/10/07/011404, @JavaScript, #WebComponent
pxchar, $gh/daiz713/pxchar, $blog/2015/09/30/154744, @Python, #試作
SeedChromeApp, $gh/daiz713/SeedChromeApp, ?, #Kit, #Chromeアプリ, @JavaScript
Hatena-Intern-Exercise2015, $gh/daiz713/Hatena-Intern-Exercise2015, ?, #インターン, @Perl

90分タイマー, http://jsdo.it/da.iz./timer60, $blog/2014/05/23/220303, @JavaScript
miilDiary, $gh/daiz713/miilDiary, $blog/2015/09/24/102200, @JavaScript, #試作, #miil
記事読後感情シェアボタン, $blog/2015/10/24/003444, $blog/2015/10/24/003444, #試作, @HTML

Doroid icon maker, http://daiz713.github.io/droid-icon-maker/, $blog/2014/06/25/202713, @CSS, #toy
川和まんじゅうレジ（2011）, ?, ?, @HTML, @JavaScript
appStorage, $gh/daiz713/appStorage, $blog/2014/09/11/153817, #Chromeアプリ
miil-client, $gh/daiz713/miilClient, $cate/miilClient, #WebComponent, @JavaScript
Potofu2, $gh/daiz713/Potofu2, ?, @JavaScript, #CSV
Halloween-contributions, $gh/daiz713/Halloween-contributions, $blog/2015/11/01/131840, #Chrome拡張, @CSS, !icons/halloween.png
Polymer 1.0 実験, $gh/daiz713/sandbox/tree/master/Polymer, $gh/daiz713/sandbox/tree/master/Polymer, #WebComponent
ECMAScript2015 実験, $gh/daiz713/sandbox/tree/master/HotJS, $gh/daiz713/sandbox/tree/master/HotJS, @JavaScript
「ミイルの台所」でランチをいただきました, $blog/2014/12/02/232846, $gh/2014/12/02/232846, #miil
ReportHina, $gh/daiz713/ReportHina, $blog/entry/2015/09/19/212812, @TeX
他のブログの文章を簡単に「引用」できる機能を追加しました, http://staff.hatenablog.com/entry/2015/08/26/174500, http://staff.hatenablog.com/entry/2015/08/26/174500, #hatebu, #はてなブログ, #インターン
他のブログで引用されている文章を、そのまま自分の記事でも引用できるようにしました, http://staff.hatenablog.com/entry/2015/09/04/153000, http://staff.hatenablog.com/entry/2015/09/04/153000, #hatebu, #はてなブログ, #インターン
Androidタブレット向けアプリケーション, ?, ?, #Cordova, @JavaScript
電気通信大学研究室検索アプリ「UEC Lab Finder」, ?, ?, #学内向け, #キャリア教育, @JavaScript
祝！『スクラップブック』WAU 100人突破, $blog/2015/10/29/234924, $blog/2015/10/29/234924, #hatebu
